insert into fleet(id, name) values (1, 'Pojazdy leasingowe');
insert into fleet(id, name) values (2, 'Flota BMW');
insert into vehicle(id, manufacturer, model, production_year, local, fleet_id, registration) values (1, 'Renault', 'Clio', 2000, 1, 1, 'ZK12345');
insert into journal(id, vehicle_id) values (1, 1);
insert into vehicle(id, manufacturer, model, production_year, local, fleet_id, registration) values (2, 'Citroen', 'C3', 2012, 2, 1, 'WA0001');
insert into journal(id, vehicle_id) values (2, 2);
insert into vehicle(id, manufacturer, model, production_year, local, fleet_id, registration) values (3, 'BMW', 'E34', 2012, 1, 2, 'ZKO54322');
insert into journal(id, vehicle_id) values (3, 3);
insert into vehicle(id, manufacturer, model, production_year, local, fleet_id, registration) values (4, 'Hyundai', 'i30', 2015, 3, 1, 'ZKO26656');
insert into journal(id, vehicle_id) values (4, 4);
insert into vehicle(id, manufacturer, model, production_year, local, fleet_id, registration) values (5, 'Citroen', 'C3', 2012, 4, 1, 'ZKO2191');
insert into journal(id, vehicle_id) values (5, 5);
insert into vehicle(id, manufacturer, model, production_year, local, fleet_id, registration) values (6, 'Citroen', 'Cactus', 2017, 5, 1, 'WO23456');
insert into journal(id, vehicle_id) values (6, 6);
insert into vehicle(id, manufacturer, model, production_year, local, fleet_id, registration) values (7, 'Peugeot', '206', 2002, 6, 1, 'ZSZ2231');
insert into journal(id, vehicle_id) values (7, 7);
insert into vehicle(id, manufacturer, model, production_year, local, fleet_id, registration) values (8, 'Skoda', 'Octavia', 2014, 7, 1, 'PO2222');
insert into journal(id, vehicle_id) values (8, 8);
insert into vehicle(id, manufacturer, model, production_year, local, fleet_id, registration) values (9, 'Opel', 'Astra', 2014, 8, 1, 'PO9091');
insert into journal(id, vehicle_id) values (9, 9);
insert into vehicle(id, manufacturer, model, production_year, local, fleet_id, registration) values (10, 'Skoda', 'Fabia', 2015, 9, 1, 'PO23456');
insert into journal(id, vehicle_id) values (10, 10);
insert into vehicle(id, manufacturer, model, production_year, local, fleet_id, registration) values (11, 'Ford', 'Focus', 2013, 10, 1, 'ZSZ4141');
insert into journal(id, vehicle_id) values (11, 11);
insert into vehicle(id, manufacturer, model, production_year, local, fleet_id, registration) values (12, 'Ford', 'Focus', 2013, 11, 1, 'ZSZ23456');
insert into journal(id, vehicle_id) values (12, 12);
insert into vehicle(id, manufacturer, model, production_year, local, fleet_id, registration) values (13, 'Ford', 'Focus', 2007, 12, 1, 'ZSZ4356');
insert into journal(id, vehicle_id) values (13, 13);
insert into vehicle(id, manufacturer, model, production_year, local, fleet_id, registration) values (14, 'Ford', 'Fiesta', 2005, 13, 1, 'ZSZ5432');
insert into journal(id, vehicle_id) values (14, 14);
insert into vehicle(id, manufacturer, model, production_year, local, fleet_id, registration) values (15, 'Ford', 'Galaxy', 2013, 14, 1, 'ZK24216');
insert into journal(id, vehicle_id) values (15, 15);
insert into vehicle(id, manufacturer, model, production_year, local, fleet_id, registration) values (16, 'Ford', 'Fusion', 2013, 15, 1, 'ZKO2421');
insert into journal(id, vehicle_id) values (16, 16);
insert into vehicle(id, manufacturer, model, production_year, local, fleet_id, registration) values (17, 'Ford', 'Escort', 2013, 16, 1, 'ZK55436');
insert into journal(id, vehicle_id) values (17, 17);
insert into vehicle(id, manufacturer, model, production_year, local, fleet_id, registration) values (18, 'Ford', 'Escort', 2013, 17, 1, 'ZK23462');
insert into journal(id, vehicle_id) values (18, 18);
insert into vehicle(id, manufacturer, model, production_year, local, fleet_id, registration) values (19, 'Ford', 'Mondeo', 2013, 18, 1, 'ZK9745');
insert into journal(id, vehicle_id) values (19, 19);
insert into vehicle(id, manufacturer, model, production_year, local, fleet_id, registration) values (20, 'Ford', 'Focus', 2001, 19, 1, 'ZK7566');
insert into journal(id, vehicle_id) values (20, 20);
insert into vehicle(id, manufacturer, model, production_year, local, fleet_id, registration) values (21, 'Ford', 'Transit', 2013, 20, 1, 'ZK7656');
insert into journal(id, vehicle_id) values (21, 21);
insert into vehicle(id, manufacturer, model, production_year, local, fleet_id, registration) values (22, 'Ford', 'Focus', 2005, 21, 1, 'ZK7474');
insert into journal(id, vehicle_id) values (22, 22);
insert into vehicle(id, manufacturer, model, production_year, local, fleet_id, registration) values (23, 'Ford', 'Focus', 2008, 22, 1, 'ZK4747');
insert into journal(id, vehicle_id) values (23, 23);
insert into vehicle(id, manufacturer, model, production_year, local, fleet_id, registration) values (24, 'Ford', 'Focus', 2002, 23, 1, 'ZK6766');
insert into journal(id, vehicle_id) values (24, 24);
insert into vehicle(id, manufacturer, model, production_year, local, fleet_id, registration) values (25, 'Ford', 'Edge', 2013, 24, 1, 'ZK13111');
insert into journal(id, vehicle_id) values (25, 25);
insert into vehicle(id, manufacturer, model, production_year, local, fleet_id, registration) values (26, 'Ford', 'Mustang', 2013, 25, 1, 'ZK43226');
insert into journal(id, vehicle_id) values (26, 26);
insert into vehicle(id, manufacturer, model, production_year, local, fleet_id, registration) values (27, 'Ford', 'Escort', 1999, 26, 1, 'ZK11111');
insert into journal(id, vehicle_id) values (27, 27);
insert into insurance(id, name, start_date, end_date, journal_id) values (1, 'PZU', PARSEDATETIME ('2018-01-01', 'yyyy-MM-dd'), PARSEDATETIME ('2019-01-01', 'yyyy-MM-dd'), 1);
insert into insurance(id, name, start_date, end_date, journal_id) values (2, 'PZU', PARSEDATETIME ('2018-01-01', 'yyyy-MM-dd'), PARSEDATETIME ('2019-01-01', 'yyyy-MM-dd'), 2);
insert into insurance(id, name, start_date, end_date, journal_id) values (3, 'PZU', PARSEDATETIME ('2018-01-01', 'yyyy-MM-dd'), PARSEDATETIME ('2019-01-01', 'yyyy-MM-dd'), 3);
insert into insurance(id, name, start_date, end_date, journal_id) values (4, 'PZU', PARSEDATETIME ('2018-01-01', 'yyyy-MM-dd'), PARSEDATETIME ('2019-01-01', 'yyyy-MM-dd'), 4);
insert into insurance(id, name, start_date, end_date, journal_id) values (5, 'PZU', PARSEDATETIME ('2018-01-01', 'yyyy-MM-dd'), PARSEDATETIME ('2019-01-01', 'yyyy-MM-dd'), 5);
insert into insurance(id, name, start_date, end_date, journal_id) values (6, 'PZU', PARSEDATETIME ('2018-01-01', 'yyyy-MM-dd'), PARSEDATETIME ('2019-01-01', 'yyyy-MM-dd'), 6);
insert into insurance(id, name, start_date, end_date, journal_id) values (7, 'PZU', PARSEDATETIME ('2018-01-01', 'yyyy-MM-dd'), PARSEDATETIME ('2019-01-01', 'yyyy-MM-dd'), 7);
insert into insurance(id, name, start_date, end_date, journal_id) values (8, 'PZU', PARSEDATETIME ('2017-01-01', 'yyyy-MM-dd'), PARSEDATETIME ('2018-01-01', 'yyyy-MM-dd'), 8);
insert into insurance(id, name, start_date, end_date, journal_id) values (9, 'Hestia', PARSEDATETIME ('2017-05-20', 'yyyy-MM-dd'), PARSEDATETIME ('2018-05-20', 'yyyy-MM-dd'), 9);
insert into insurance(id, name, start_date, end_date, journal_id) values (10, 'Hestia', PARSEDATETIME ('2017-05-20', 'yyyy-MM-dd'), PARSEDATETIME ('2018-05-20', 'yyyy-MM-dd'), 10);
insert into insurance(id, name, start_date, end_date, journal_id) values (11, 'Hestia', PARSEDATETIME ('2017-05-20', 'yyyy-MM-dd'), PARSEDATETIME ('2018-05-20', 'yyyy-MM-dd'), 11);
insert into insurance(id, name, start_date, end_date, journal_id) values (12, 'Hestia', PARSEDATETIME ('2017-05-20', 'yyyy-MM-dd'), PARSEDATETIME ('2018-05-20', 'yyyy-MM-dd'), 12);
insert into insurance(id, name, start_date, end_date, journal_id) values (13, 'Hestia', PARSEDATETIME ('2017-05-20', 'yyyy-MM-dd'), PARSEDATETIME ('2018-05-20', 'yyyy-MM-dd'), 13);
insert into insurance(id, name, start_date, end_date, journal_id) values (14, 'Hestia', PARSEDATETIME ('2017-09-15', 'yyyy-MM-dd'), PARSEDATETIME ('2018-09-15', 'yyyy-MM-dd'), 14);
insert into insurance(id, name, start_date, end_date, journal_id) values (15, 'Hestia', PARSEDATETIME ('2017-09-15', 'yyyy-MM-dd'), PARSEDATETIME ('2018-09-15', 'yyyy-MM-dd'), 15);
insert into insurance(id, name, start_date, end_date, journal_id) values (16, 'Hestia', PARSEDATETIME ('2017-09-15', 'yyyy-MM-dd'), PARSEDATETIME ('2018-09-15', 'yyyy-MM-dd'), 16);
insert into insurance(id, name, start_date, end_date, journal_id) values (17, 'Hestia', PARSEDATETIME ('2017-09-15', 'yyyy-MM-dd'), PARSEDATETIME ('2018-09-15', 'yyyy-MM-dd'), 17);
insert into insurance(id, name, start_date, end_date, journal_id) values (18, 'Hestia', PARSEDATETIME ('2017-09-15', 'yyyy-MM-dd'), PARSEDATETIME ('2018-09-15', 'yyyy-MM-dd'), 18);
insert into insurance(id, name, start_date, end_date, journal_id) values (19, 'Hestia', PARSEDATETIME ('2017-09-15', 'yyyy-MM-dd'), PARSEDATETIME ('2018-09-15', 'yyyy-MM-dd'), 19);
insert into insurance(id, name, start_date, end_date, journal_id) values (20, 'Hestia', PARSEDATETIME ('2017-12-10', 'yyyy-MM-dd'), PARSEDATETIME ('2018-12-10', 'yyyy-MM-dd'), 20);
insert into insurance(id, name, start_date, end_date, journal_id) values (21, 'Hestia', PARSEDATETIME ('2017-12-10', 'yyyy-MM-dd'), PARSEDATETIME ('2018-12-10', 'yyyy-MM-dd'), 21);
insert into insurance(id, name, start_date, end_date, journal_id) values (22, 'Aviva', PARSEDATETIME ('2017-12-10', 'yyyy-MM-dd'), PARSEDATETIME ('2018-12-10', 'yyyy-MM-dd'), 22);
insert into insurance(id, name, start_date, end_date, journal_id) values (23, 'Aviva', PARSEDATETIME ('2017-12-10', 'yyyy-MM-dd'), PARSEDATETIME ('2018-12-10', 'yyyy-MM-dd'), 23);
insert into insurance(id, name, start_date, end_date, journal_id) values (24, 'Aviva', PARSEDATETIME ('2017-12-10', 'yyyy-MM-dd'), PARSEDATETIME ('2018-12-10', 'yyyy-MM-dd'), 24);
insert into insurance(id, name, start_date, end_date, journal_id) values (25, 'Aviva', PARSEDATETIME ('2017-12-10', 'yyyy-MM-dd'), PARSEDATETIME ('2018-12-10', 'yyyy-MM-dd'), 25);
insert into insurance(id, name, start_date, end_date, journal_id) values (26, 'Aviva', PARSEDATETIME ('2017-12-10', 'yyyy-MM-dd'), PARSEDATETIME ('2018-12-10', 'yyyy-MM-dd'), 26);
insert into insurance(id, name, start_date, end_date, journal_id) values (27, 'Aviva', PARSEDATETIME ('2017-12-10', 'yyyy-MM-dd'), PARSEDATETIME ('2018-12-10', 'yyyy-MM-dd'), 27);
insert into repair(id, cost, journal_id) values (1, 120.0, 1);
insert into repair(id, cost, journal_id) values (2, 150.0, 1);
insert into checkout(id, date, expiration_date, result, journal_id) values (1, PARSEDATETIME ('2018-01-01', 'yyyy-MM-dd'), PARSEDATETIME ('2019-01-01', 'yyyy-MM-dd'), 'POSITIVE', 1);
insert into checkout(id, date, expiration_date, result, journal_id) values (2, PARSEDATETIME ('2018-01-01', 'yyyy-MM-dd'), PARSEDATETIME ('2019-01-01', 'yyyy-MM-dd'), 'POSITIVE', 2);
insert into checkout(id, date, expiration_date, result, journal_id) values (3, PARSEDATETIME ('2018-01-01', 'yyyy-MM-dd'), PARSEDATETIME ('2019-01-01', 'yyyy-MM-dd'), 'POSITIVE', 3);
insert into checkout(id, date, expiration_date, result, journal_id) values (4, PARSEDATETIME ('2018-01-01', 'yyyy-MM-dd'), PARSEDATETIME ('2019-01-01', 'yyyy-MM-dd'), 'POSITIVE', 4);
insert into checkout(id, date, expiration_date, result, journal_id) values (5, PARSEDATETIME ('2018-01-01', 'yyyy-MM-dd'), PARSEDATETIME ('2019-01-01', 'yyyy-MM-dd'), 'POSITIVE', 5);
insert into checkout(id, date, expiration_date, result, journal_id) values (6, PARSEDATETIME ('2018-01-01', 'yyyy-MM-dd'), PARSEDATETIME ('2019-01-01', 'yyyy-MM-dd'), 'POSITIVE', 6);
insert into checkout(id, date, expiration_date, result, journal_id) values (7, PARSEDATETIME ('2018-01-01', 'yyyy-MM-dd'), PARSEDATETIME ('2019-01-01', 'yyyy-MM-dd'), 'POSITIVE', 7);
insert into checkout(id, date, expiration_date, result, journal_id) values (8, PARSEDATETIME ('2017-01-01', 'yyyy-MM-dd'), PARSEDATETIME ('2018-01-01', 'yyyy-MM-dd'), 'POSITIVE', 8);
insert into checkout(id, date, expiration_date, result, journal_id) values (9, PARSEDATETIME ('2017-05-20', 'yyyy-MM-dd'), PARSEDATETIME ('2018-05-20', 'yyyy-MM-dd'), 'POSITIVE', 9);
insert into checkout(id, date, expiration_date, result, journal_id) values (10, PARSEDATETIME ('2017-05-20', 'yyyy-MM-dd'), PARSEDATETIME ('2018-05-20', 'yyyy-MM-dd'), 'POSITIVE', 10);
insert into checkout(id, date, expiration_date, result, journal_id) values (11, PARSEDATETIME ('2017-05-20', 'yyyy-MM-dd'), PARSEDATETIME ('2018-05-20', 'yyyy-MM-dd'), 'POSITIVE', 11);
insert into checkout(id, date, expiration_date, result, journal_id) values (12, PARSEDATETIME ('2017-05-20', 'yyyy-MM-dd'), PARSEDATETIME ('2018-05-20', 'yyyy-MM-dd'), 'POSITIVE', 12);
insert into checkout(id, date, expiration_date, result, journal_id) values (13, PARSEDATETIME ('2017-05-20', 'yyyy-MM-dd'), PARSEDATETIME ('2018-05-20', 'yyyy-MM-dd'), 'POSITIVE', 13);
insert into checkout(id, date, expiration_date, result, journal_id) values (14, PARSEDATETIME ('2017-09-15', 'yyyy-MM-dd'), PARSEDATETIME ('2018-09-15', 'yyyy-MM-dd'), 'POSITIVE', 14);
insert into checkout(id, date, expiration_date, result, journal_id) values (15, PARSEDATETIME ('2017-09-15', 'yyyy-MM-dd'), PARSEDATETIME ('2018-09-15', 'yyyy-MM-dd'), 'POSITIVE', 15);
insert into checkout(id, date, expiration_date, result, journal_id) values (16, PARSEDATETIME ('2017-09-15', 'yyyy-MM-dd'), PARSEDATETIME ('2018-09-15', 'yyyy-MM-dd'), 'POSITIVE', 16);
insert into checkout(id, date, expiration_date, result, journal_id) values (17, PARSEDATETIME ('2017-09-15', 'yyyy-MM-dd'), PARSEDATETIME ('2018-09-15', 'yyyy-MM-dd'), 'POSITIVE', 17);
insert into checkout(id, date, expiration_date, result, journal_id) values (18, PARSEDATETIME ('2017-09-15', 'yyyy-MM-dd'), PARSEDATETIME ('2018-09-15', 'yyyy-MM-dd'), 'POSITIVE', 18);
insert into checkout(id, date, expiration_date, result, journal_id) values (19, PARSEDATETIME ('2017-09-15', 'yyyy-MM-dd'), PARSEDATETIME ('2018-09-15', 'yyyy-MM-dd'), 'POSITIVE', 19);
insert into checkout(id, date, expiration_date, result, journal_id) values (20, PARSEDATETIME ('2017-12-10', 'yyyy-MM-dd'), PARSEDATETIME ('2018-12-10', 'yyyy-MM-dd'), 'POSITIVE', 20);
insert into checkout(id, date, expiration_date, result, journal_id) values (21, PARSEDATETIME ('2017-12-10', 'yyyy-MM-dd'), PARSEDATETIME ('2018-12-10', 'yyyy-MM-dd'), 'POSITIVE', 21);
insert into checkout(id, date, expiration_date, result, journal_id) values (22, PARSEDATETIME ('2017-12-10', 'yyyy-MM-dd'), PARSEDATETIME ('2018-12-10', 'yyyy-MM-dd'), 'POSITIVE', 22);
insert into checkout(id, date, expiration_date, result, journal_id) values (23, PARSEDATETIME ('2017-12-10', 'yyyy-MM-dd'), PARSEDATETIME ('2018-12-10', 'yyyy-MM-dd'), 'POSITIVE', 23);
insert into checkout(id, date, expiration_date, result, journal_id) values (24, PARSEDATETIME ('2017-12-10', 'yyyy-MM-dd'), PARSEDATETIME ('2018-12-10', 'yyyy-MM-dd'), 'POSITIVE', 24);
insert into checkout(id, date, expiration_date, result, journal_id) values (25, PARSEDATETIME ('2017-12-10', 'yyyy-MM-dd'), PARSEDATETIME ('2018-12-10', 'yyyy-MM-dd'), 'POSITIVE', 25);
insert into checkout(id, date, expiration_date, result, journal_id) values (26, PARSEDATETIME ('2017-12-10', 'yyyy-MM-dd'), PARSEDATETIME ('2018-12-10', 'yyyy-MM-dd'), 'POSITIVE', 26);
insert into checkout(id, date, expiration_date, result, journal_id) values (27, PARSEDATETIME ('2017-12-10', 'yyyy-MM-dd'), PARSEDATETIME ('2018-12-10', 'yyyy-MM-dd'), 'POSITIVE', 27);

insert into users(id, login, password, role, enabled) values (1, 'admin', '$2a$10$7frXG5jdRLwljpi9B9RlZOKZ2BOLwCHvBMhhfdGpDM4HDJX1e1fYK', 'ADMIN', 1);