insert into fleet(id, name) values (1, 'Fleet number one');
insert into fleet(id, name) values (2, 'Fleet number two');
insert into vehicle(id, manufacturer, model, production_year, local, fleet_id) values (1, 'Renault', 'Clio', 2000, 1, 1);
insert into journal(id, vehicle_id) values (1, 1);
insert into vehicle(id, manufacturer, model, production_year, local, fleet_id) values (2, 'Citroen', 'C3', 2012, 2, 1);
insert into journal(id, vehicle_id) values (2, 2);
insert into vehicle(id, manufacturer, model, production_year, local, fleet_id) values (3, 'BMW', 'E34', 2012, 1, 2);
insert into journal(id, vehicle_id) values (3, 3);
insert into vehicle(id, manufacturer, model, production_year, local, fleet_id) values (4, 'Hyundai', 'i30', 2015, 3, 1);
insert into journal(id, vehicle_id) values (4, 4);
insert into vehicle(id, manufacturer, model, production_year, local, fleet_id) values (5, 'Citroen', 'C3', 2012, 4, 1);
insert into journal(id, vehicle_id) values (5, 5);
insert into vehicle(id, manufacturer, model, production_year, local, fleet_id) values (6, 'Citroen', 'Cactus', 2017, 5, 1);
insert into journal(id, vehicle_id) values (6, 6);
insert into vehicle(id, manufacturer, model, production_year, local, fleet_id) values (7, 'Peugeot', '206', 2002, 6, 1);
insert into journal(id, vehicle_id) values (7, 7);
insert into vehicle(id, manufacturer, model, production_year, local, fleet_id) values (8, 'Skoda', 'Octavia', 2014, 7, 1);
insert into journal(id, vehicle_id) values (8, 8);
insert into vehicle(id, manufacturer, model, production_year, local, fleet_id) values (9, 'Opel', 'Astra', 2014, 8, 1);
insert into journal(id, vehicle_id) values (9, 9);
insert into vehicle(id, manufacturer, model, production_year, local, fleet_id) values (10, 'Skoda', 'Fabia', 2015, 9, 1);
insert into journal(id, vehicle_id) values (10, 10);
insert into vehicle(id, manufacturer, model, production_year, local, fleet_id) values (11, 'Ford', 'Focus', 2013, 10, 1);
insert into journal(id, vehicle_id) values (11, 11);
insert into insurance(id, start_date, end_date, journal_id) values (1, PARSEDATETIME ('2017-01-01', 'yyyy-MM-dd'), PARSEDATETIME ('2050-01-01', 'yyyy-MM-dd'), 1);
insert into insurance(id, start_date, end_date, journal_id) values (2, PARSEDATETIME ('2000-01-01', 'yyyy-MM-dd'), PARSEDATETIME ('2050-01-01', 'yyyy-MM-dd'), 2);
insert into insurance(id, start_date, end_date, journal_id) values (3, PARSEDATETIME ('2000-01-01', 'yyyy-MM-dd'), PARSEDATETIME ('2050-01-01', 'yyyy-MM-dd'), 3);
insert into insurance(id, start_date, end_date, journal_id) values (4, PARSEDATETIME ('2000-01-01', 'yyyy-MM-dd'), PARSEDATETIME ('2050-01-01', 'yyyy-MM-dd'), 4);
insert into insurance(id, start_date, end_date, journal_id) values (5, PARSEDATETIME ('2000-01-01', 'yyyy-MM-dd'), PARSEDATETIME ('2050-01-01', 'yyyy-MM-dd'), 5);
insert into insurance(id, start_date, end_date, journal_id) values (6, PARSEDATETIME ('2000-01-01', 'yyyy-MM-dd'), PARSEDATETIME ('2050-01-01', 'yyyy-MM-dd'), 6);
insert into insurance(id, start_date, end_date, journal_id) values (7, PARSEDATETIME ('2000-01-01', 'yyyy-MM-dd'), PARSEDATETIME ('2050-01-01', 'yyyy-MM-dd'), 7);
insert into insurance(id, start_date, end_date, journal_id) values (8, PARSEDATETIME ('2000-01-01', 'yyyy-MM-dd'), PARSEDATETIME ('2050-01-01', 'yyyy-MM-dd'), 8);
insert into insurance(id, start_date, end_date, journal_id) values (9, PARSEDATETIME ('2000-01-01', 'yyyy-MM-dd'), PARSEDATETIME ('2050-01-01', 'yyyy-MM-dd'), 9);
insert into repair(id, cost, journal_id) values (1, 120.0, 1);
insert into repair(id, cost, journal_id) values (2, 150.0, 1);
insert into checkout(id, date, expiration_date, result, journal_id) values (1, PARSEDATETIME ('2000-01-01', 'yyyy-MM-dd'), PARSEDATETIME ('2051-01-01', 'yyyy-MM-dd'), 'POSITIVE', 1);
insert into checkout(id, date, expiration_date, result, journal_id) values (2, PARSEDATETIME ('2000-01-01', 'yyyy-MM-dd'), PARSEDATETIME ('2051-01-01', 'yyyy-MM-dd'), 'POSITIVE', 2);
insert into checkout(id, date, expiration_date, result, journal_id) values (3, PARSEDATETIME ('2000-01-01', 'yyyy-MM-dd'), PARSEDATETIME ('2051-01-01', 'yyyy-MM-dd'), 'POSITIVE', 3);
insert into checkout(id, date, expiration_date, result, journal_id) values (4, PARSEDATETIME ('2000-01-01', 'yyyy-MM-dd'), PARSEDATETIME ('2051-01-01', 'yyyy-MM-dd'), 'POSITIVE', 4);
insert into checkout(id, date, expiration_date, result, journal_id) values (5, PARSEDATETIME ('2000-01-01', 'yyyy-MM-dd'), PARSEDATETIME ('2051-01-01', 'yyyy-MM-dd'), 'POSITIVE', 5);
insert into checkout(id, date, expiration_date, result, journal_id) values (6, PARSEDATETIME ('2000-01-01', 'yyyy-MM-dd'), PARSEDATETIME ('2051-01-01', 'yyyy-MM-dd'), 'POSITIVE', 6);
insert into checkout(id, date, expiration_date, result, journal_id) values (7, PARSEDATETIME ('2000-01-01', 'yyyy-MM-dd'), PARSEDATETIME ('2051-01-01', 'yyyy-MM-dd'), 'POSITIVE', 7);
insert into checkout(id, date, expiration_date, result, journal_id) values (8, PARSEDATETIME ('2000-01-01', 'yyyy-MM-dd'), PARSEDATETIME ('2051-01-01', 'yyyy-MM-dd'), 'POSITIVE', 8);
insert into checkout(id, date, expiration_date, result, journal_id) values (9, PARSEDATETIME ('2000-01-01', 'yyyy-MM-dd'), PARSEDATETIME ('2051-01-01', 'yyyy-MM-dd'), 'POSITIVE', 9);