insert into fleet(id, name) values (1, 'Fleet number one');
insert into fleet(id, name) values (2, 'Fleet number two');
insert into vehicle(id, manufacturer, model, production_year, local, fleet_id) values (1, 'Renault', 'Clio', 2000, 1, 1);
insert into journal(id, vehicle_id) values (1, 1);
insert into vehicle(id, manufacturer, model, production_year, local, fleet_id) values (2, 'Citroen', 'C3', 2012, 2, 1);
insert into journal(id, vehicle_id) values (2, 2);
insert into vehicle(id, manufacturer, model, production_year, local, fleet_id) values (3, 'BMW', 'E34', 2012, 1, 2);
insert into journal(id, vehicle_id) values (3, 3);
insert into vehicle(id, manufacturer, model, production_year, local, fleet_id) values (4, 'Hyundai', 'i30', 2015, 3, 1);
insert into journal(id, vehicle_id) values (4, 4);
insert into vehicle(id, manufacturer, model, production_year, local, fleet_id) values (5, 'Citroen', 'C3', 2012, 4, 1);
insert into journal(id, vehicle_id) values (5, 5);
insert into vehicle(id, manufacturer, model, production_year, local, fleet_id) values (6, 'Citroen', 'Cactus', 2017, 5, 1);
insert into journal(id, vehicle_id) values (6, 6);
insert into vehicle(id, manufacturer, model, production_year, local, fleet_id) values (7, 'Peugeot', '206', 2002, 6, 1);
insert into journal(id, vehicle_id) values (7, 7);
insert into vehicle(id, manufacturer, model, production_year, local, fleet_id) values (8, 'Skoda', 'Octavia', 2014, 7, 1);
insert into journal(id, vehicle_id) values (8, 8);
insert into vehicle(id, manufacturer, model, production_year, local, fleet_id) values (9, 'Opel', 'Astra', 2014, 8, 1);
insert into journal(id, vehicle_id) values (9, 9);
insert into vehicle(id, manufacturer, model, production_year, local, fleet_id) values (10, 'Skoda', 'Fabia', 2015, 9, 1);
insert into journal(id, vehicle_id) values (10, 10);
insert into vehicle(id, manufacturer, model, production_year, local, fleet_id) values (11, 'Ford', 'Focus', 2013, 10, 1);
insert into journal(id, vehicle_id) values (11, 11);
insert into vehicle(id, manufacturer, model, production_year, local, fleet_id) values (12, 'Ford', 'Focus', 2013, 10, 1);
insert into journal(id, vehicle_id) values (12, 12);
insert into vehicle(id, manufacturer, model, production_year, local, fleet_id) values (13, 'Ford', 'Focus', 2013, 10, 1);
insert into journal(id, vehicle_id) values (13, 13);
insert into vehicle(id, manufacturer, model, production_year, local, fleet_id) values (14, 'Ford', 'Focus', 2013, 10, 1);
insert into journal(id, vehicle_id) values (14, 14);
insert into vehicle(id, manufacturer, model, production_year, local, fleet_id) values (15, 'Ford', 'Focus', 2013, 10, 1);
insert into journal(id, vehicle_id) values (15, 15);
insert into vehicle(id, manufacturer, model, production_year, local, fleet_id) values (16, 'Ford', 'Focus', 2013, 10, 1);
insert into journal(id, vehicle_id) values (16, 16);
insert into vehicle(id, manufacturer, model, production_year, local, fleet_id) values (17, 'Ford', 'Focus', 2013, 10, 1);
insert into journal(id, vehicle_id) values (17, 17);
insert into vehicle(id, manufacturer, model, production_year, local, fleet_id) values (18, 'Ford', 'Focus', 2013, 10, 1);
insert into journal(id, vehicle_id) values (18, 18);
insert into vehicle(id, manufacturer, model, production_year, local, fleet_id) values (19, 'Ford', 'Focus', 2013, 10, 1);
insert into journal(id, vehicle_id) values (19, 19);
insert into vehicle(id, manufacturer, model, production_year, local, fleet_id) values (20, 'Ford', 'Focus', 2013, 10, 1);
insert into journal(id, vehicle_id) values (20, 20);
insert into vehicle(id, manufacturer, model, production_year, local, fleet_id) values (21, 'Ford', 'Focus', 2013, 10, 1);
insert into journal(id, vehicle_id) values (21, 21);
insert into vehicle(id, manufacturer, model, production_year, local, fleet_id) values (22, 'Ford', 'Focus', 2013, 10, 1);
insert into journal(id, vehicle_id) values (22, 22);
insert into vehicle(id, manufacturer, model, production_year, local, fleet_id) values (23, 'Ford', 'Focus', 2013, 10, 1);
insert into journal(id, vehicle_id) values (23, 23);
insert into vehicle(id, manufacturer, model, production_year, local, fleet_id) values (24, 'Ford', 'Focus', 2013, 10, 1);
insert into journal(id, vehicle_id) values (24, 24);
insert into vehicle(id, manufacturer, model, production_year, local, fleet_id) values (25, 'Ford', 'Focus', 2013, 10, 1);
insert into journal(id, vehicle_id) values (25, 25);
insert into vehicle(id, manufacturer, model, production_year, local, fleet_id) values (26, 'Ford', 'Focus', 2013, 10, 1);
insert into journal(id, vehicle_id) values (26, 26);
insert into vehicle(id, manufacturer, model, production_year, local, fleet_id) values (27, 'Ford', 'Focus', 2013, 10, 1);
insert into journal(id, vehicle_id) values (27, 27);
insert into insurance(id, start_date, end_date, journal_id) values (1, PARSEDATETIME ('2017-01-01', 'yyyy-MM-dd'), PARSEDATETIME ('2050-01-01', 'yyyy-MM-dd'), 1);
insert into insurance(id, start_date, end_date, journal_id) values (2, PARSEDATETIME ('2000-01-01', 'yyyy-MM-dd'), PARSEDATETIME ('2050-01-01', 'yyyy-MM-dd'), 2);
insert into insurance(id, start_date, end_date, journal_id) values (3, PARSEDATETIME ('2000-01-01', 'yyyy-MM-dd'), PARSEDATETIME ('2050-01-01', 'yyyy-MM-dd'), 3);
insert into insurance(id, start_date, end_date, journal_id) values (4, PARSEDATETIME ('2000-01-01', 'yyyy-MM-dd'), PARSEDATETIME ('2050-01-01', 'yyyy-MM-dd'), 4);
insert into insurance(id, start_date, end_date, journal_id) values (5, PARSEDATETIME ('2000-01-01', 'yyyy-MM-dd'), PARSEDATETIME ('2050-01-01', 'yyyy-MM-dd'), 5);
insert into insurance(id, start_date, end_date, journal_id) values (6, PARSEDATETIME ('2000-01-01', 'yyyy-MM-dd'), PARSEDATETIME ('2050-01-01', 'yyyy-MM-dd'), 6);
insert into insurance(id, start_date, end_date, journal_id) values (7, PARSEDATETIME ('2000-01-01', 'yyyy-MM-dd'), PARSEDATETIME ('2050-01-01', 'yyyy-MM-dd'), 7);
insert into insurance(id, start_date, end_date, journal_id) values (8, PARSEDATETIME ('2000-01-01', 'yyyy-MM-dd'), PARSEDATETIME ('2050-01-01', 'yyyy-MM-dd'), 8);
insert into insurance(id, start_date, end_date, journal_id) values (9, PARSEDATETIME ('2000-01-01', 'yyyy-MM-dd'), PARSEDATETIME ('2050-01-01', 'yyyy-MM-dd'), 9);
insert into insurance(id, start_date, end_date, journal_id) values (10, PARSEDATETIME ('2017-01-01', 'yyyy-MM-dd'), PARSEDATETIME ('2050-01-01', 'yyyy-MM-dd'), 10);
insert into insurance(id, start_date, end_date, journal_id) values (11, PARSEDATETIME ('2000-01-01', 'yyyy-MM-dd'), PARSEDATETIME ('2050-01-01', 'yyyy-MM-dd'), 11);
insert into insurance(id, start_date, end_date, journal_id) values (12, PARSEDATETIME ('2000-01-01', 'yyyy-MM-dd'), PARSEDATETIME ('2050-01-01', 'yyyy-MM-dd'), 12);
insert into insurance(id, start_date, end_date, journal_id) values (13, PARSEDATETIME ('2000-01-01', 'yyyy-MM-dd'), PARSEDATETIME ('2050-01-01', 'yyyy-MM-dd'), 13);
insert into insurance(id, start_date, end_date, journal_id) values (14, PARSEDATETIME ('2000-01-01', 'yyyy-MM-dd'), PARSEDATETIME ('2050-01-01', 'yyyy-MM-dd'), 14);
insert into insurance(id, start_date, end_date, journal_id) values (15, PARSEDATETIME ('2000-01-01', 'yyyy-MM-dd'), PARSEDATETIME ('2050-01-01', 'yyyy-MM-dd'), 15);
insert into insurance(id, start_date, end_date, journal_id) values (16, PARSEDATETIME ('2000-01-01', 'yyyy-MM-dd'), PARSEDATETIME ('2050-01-01', 'yyyy-MM-dd'), 16);
insert into insurance(id, start_date, end_date, journal_id) values (17, PARSEDATETIME ('2000-01-01', 'yyyy-MM-dd'), PARSEDATETIME ('2050-01-01', 'yyyy-MM-dd'), 17);
insert into insurance(id, start_date, end_date, journal_id) values (18, PARSEDATETIME ('2000-01-01', 'yyyy-MM-dd'), PARSEDATETIME ('2050-01-01', 'yyyy-MM-dd'), 18);
insert into insurance(id, start_date, end_date, journal_id) values (19, PARSEDATETIME ('2017-01-01', 'yyyy-MM-dd'), PARSEDATETIME ('2050-01-01', 'yyyy-MM-dd'), 19);
insert into insurance(id, start_date, end_date, journal_id) values (20, PARSEDATETIME ('2000-01-01', 'yyyy-MM-dd'), PARSEDATETIME ('2050-01-01', 'yyyy-MM-dd'), 20);
insert into insurance(id, start_date, end_date, journal_id) values (21, PARSEDATETIME ('2000-01-01', 'yyyy-MM-dd'), PARSEDATETIME ('2050-01-01', 'yyyy-MM-dd'), 21);
insert into insurance(id, start_date, end_date, journal_id) values (22, PARSEDATETIME ('2000-01-01', 'yyyy-MM-dd'), PARSEDATETIME ('2050-01-01', 'yyyy-MM-dd'), 22);
insert into insurance(id, start_date, end_date, journal_id) values (23, PARSEDATETIME ('2000-01-01', 'yyyy-MM-dd'), PARSEDATETIME ('2050-01-01', 'yyyy-MM-dd'), 23);
insert into insurance(id, start_date, end_date, journal_id) values (24, PARSEDATETIME ('2000-01-01', 'yyyy-MM-dd'), PARSEDATETIME ('2050-01-01', 'yyyy-MM-dd'), 24);
insert into insurance(id, start_date, end_date, journal_id) values (25, PARSEDATETIME ('2000-01-01', 'yyyy-MM-dd'), PARSEDATETIME ('2050-01-01', 'yyyy-MM-dd'), 25);
insert into insurance(id, start_date, end_date, journal_id) values (26, PARSEDATETIME ('2000-01-01', 'yyyy-MM-dd'), PARSEDATETIME ('2050-01-01', 'yyyy-MM-dd'), 26);
insert into insurance(id, start_date, end_date, journal_id) values (27, PARSEDATETIME ('2000-01-01', 'yyyy-MM-dd'), PARSEDATETIME ('2050-01-01', 'yyyy-MM-dd'), 27);
insert into repair(id, cost, journal_id) values (1, 120.0, 1);
insert into repair(id, cost, journal_id) values (2, 150.0, 1);
insert into checkout(id, date, expiration_date, result, journal_id) values (1, PARSEDATETIME ('2000-01-01', 'yyyy-MM-dd'), PARSEDATETIME ('2051-01-01', 'yyyy-MM-dd'), 'POSITIVE', 1);
insert into checkout(id, date, expiration_date, result, journal_id) values (2, PARSEDATETIME ('2000-01-01', 'yyyy-MM-dd'), PARSEDATETIME ('2051-01-01', 'yyyy-MM-dd'), 'POSITIVE', 2);
insert into checkout(id, date, expiration_date, result, journal_id) values (3, PARSEDATETIME ('2000-01-01', 'yyyy-MM-dd'), PARSEDATETIME ('2051-01-01', 'yyyy-MM-dd'), 'POSITIVE', 3);
insert into checkout(id, date, expiration_date, result, journal_id) values (4, PARSEDATETIME ('2000-01-01', 'yyyy-MM-dd'), PARSEDATETIME ('2051-01-01', 'yyyy-MM-dd'), 'POSITIVE', 4);
insert into checkout(id, date, expiration_date, result, journal_id) values (5, PARSEDATETIME ('2000-01-01', 'yyyy-MM-dd'), PARSEDATETIME ('2051-01-01', 'yyyy-MM-dd'), 'POSITIVE', 5);
insert into checkout(id, date, expiration_date, result, journal_id) values (6, PARSEDATETIME ('2000-01-01', 'yyyy-MM-dd'), PARSEDATETIME ('2051-01-01', 'yyyy-MM-dd'), 'POSITIVE', 6);
insert into checkout(id, date, expiration_date, result, journal_id) values (7, PARSEDATETIME ('2000-01-01', 'yyyy-MM-dd'), PARSEDATETIME ('2051-01-01', 'yyyy-MM-dd'), 'POSITIVE', 7);
insert into checkout(id, date, expiration_date, result, journal_id) values (8, PARSEDATETIME ('2000-01-01', 'yyyy-MM-dd'), PARSEDATETIME ('2051-01-01', 'yyyy-MM-dd'), 'POSITIVE', 8);
insert into checkout(id, date, expiration_date, result, journal_id) values (9, PARSEDATETIME ('2000-01-01', 'yyyy-MM-dd'), PARSEDATETIME ('2051-01-01', 'yyyy-MM-dd'), 'POSITIVE', 9);
insert into checkout(id, date, expiration_date, result, journal_id) values (10, PARSEDATETIME ('2000-01-01', 'yyyy-MM-dd'), PARSEDATETIME ('2051-01-01', 'yyyy-MM-dd'), 'POSITIVE', 10);
insert into checkout(id, date, expiration_date, result, journal_id) values (11, PARSEDATETIME ('2000-01-01', 'yyyy-MM-dd'), PARSEDATETIME ('2051-01-01', 'yyyy-MM-dd'), 'POSITIVE', 11);
insert into checkout(id, date, expiration_date, result, journal_id) values (12, PARSEDATETIME ('2000-01-01', 'yyyy-MM-dd'), PARSEDATETIME ('2051-01-01', 'yyyy-MM-dd'), 'POSITIVE', 12);
insert into checkout(id, date, expiration_date, result, journal_id) values (13, PARSEDATETIME ('2000-01-01', 'yyyy-MM-dd'), PARSEDATETIME ('2051-01-01', 'yyyy-MM-dd'), 'POSITIVE', 13);
insert into checkout(id, date, expiration_date, result, journal_id) values (14, PARSEDATETIME ('2000-01-01', 'yyyy-MM-dd'), PARSEDATETIME ('2051-01-01', 'yyyy-MM-dd'), 'POSITIVE', 14);
insert into checkout(id, date, expiration_date, result, journal_id) values (15, PARSEDATETIME ('2000-01-01', 'yyyy-MM-dd'), PARSEDATETIME ('2051-01-01', 'yyyy-MM-dd'), 'POSITIVE', 15);
insert into checkout(id, date, expiration_date, result, journal_id) values (16, PARSEDATETIME ('2000-01-01', 'yyyy-MM-dd'), PARSEDATETIME ('2051-01-01', 'yyyy-MM-dd'), 'POSITIVE', 16);
insert into checkout(id, date, expiration_date, result, journal_id) values (17, PARSEDATETIME ('2000-01-01', 'yyyy-MM-dd'), PARSEDATETIME ('2051-01-01', 'yyyy-MM-dd'), 'POSITIVE', 17);
insert into checkout(id, date, expiration_date, result, journal_id) values (18, PARSEDATETIME ('2000-01-01', 'yyyy-MM-dd'), PARSEDATETIME ('2051-01-01', 'yyyy-MM-dd'), 'POSITIVE', 18);
insert into checkout(id, date, expiration_date, result, journal_id) values (19, PARSEDATETIME ('2000-01-01', 'yyyy-MM-dd'), PARSEDATETIME ('2051-01-01', 'yyyy-MM-dd'), 'POSITIVE', 19);
insert into checkout(id, date, expiration_date, result, journal_id) values (20, PARSEDATETIME ('2000-01-01', 'yyyy-MM-dd'), PARSEDATETIME ('2051-01-01', 'yyyy-MM-dd'), 'POSITIVE', 20);
insert into checkout(id, date, expiration_date, result, journal_id) values (21, PARSEDATETIME ('2000-01-01', 'yyyy-MM-dd'), PARSEDATETIME ('2051-01-01', 'yyyy-MM-dd'), 'POSITIVE', 21);
insert into checkout(id, date, expiration_date, result, journal_id) values (22, PARSEDATETIME ('2000-01-01', 'yyyy-MM-dd'), PARSEDATETIME ('2051-01-01', 'yyyy-MM-dd'), 'POSITIVE', 22);
insert into checkout(id, date, expiration_date, result, journal_id) values (23, PARSEDATETIME ('2000-01-01', 'yyyy-MM-dd'), PARSEDATETIME ('2051-01-01', 'yyyy-MM-dd'), 'POSITIVE', 23);
insert into checkout(id, date, expiration_date, result, journal_id) values (24, PARSEDATETIME ('2000-01-01', 'yyyy-MM-dd'), PARSEDATETIME ('2051-01-01', 'yyyy-MM-dd'), 'POSITIVE', 24);
insert into checkout(id, date, expiration_date, result, journal_id) values (25, PARSEDATETIME ('2000-01-01', 'yyyy-MM-dd'), PARSEDATETIME ('2051-01-01', 'yyyy-MM-dd'), 'POSITIVE', 25);
insert into checkout(id, date, expiration_date, result, journal_id) values (26, PARSEDATETIME ('2000-01-01', 'yyyy-MM-dd'), PARSEDATETIME ('2051-01-01', 'yyyy-MM-dd'), 'POSITIVE', 26);
insert into checkout(id, date, expiration_date, result, journal_id) values (27, PARSEDATETIME ('2000-01-01', 'yyyy-MM-dd'), PARSEDATETIME ('2051-01-01', 'yyyy-MM-dd'), 'POSITIVE', 27);

insert into users(id, login, password, role, enabled) values (1, 'admin', '$2a$10$7frXG5jdRLwljpi9B9RlZOKZ2BOLwCHvBMhhfdGpDM4HDJX1e1fYK', 'ADMIN', 1);